{"cameraMode":{"drawMode":0,"name":"Shaded","section":"Shading Mode"},"sceneLighting":false,"audioPlay":false,"sceneViewState":{"showFog":false,"showMaterialUpdate":false,"showSkybox":false,"showFlares":false,"showImageEffects":false,"showParticleSystems":false},"in2DMode":false,"pivot":{"x":1.5275044441223145,"y":1.9750008583068848,"z":-0.0004901885986328125},"rotation":{"x":0.005423655267804861,"y":-0.9710118770599365,"z":0.23794256150722505,"w":0.022133400663733484},"size":28.95177459716797,"orthographic":false}