{"cameraMode":{"drawMode":0,"name":"Shaded","section":"Shading Mode"},"sceneLighting":true,"audioPlay":false,"sceneViewState":{"showFog":false,"showMaterialUpdate":false,"showSkybox":false,"showFlares":false,"showImageEffects":false,"showParticleSystems":false},"in2DMode":false,"pivot":{"x":-16.22980308532715,"y":2.2835800647735597,"z":4.1333160400390629},"rotation":{"x":-0.04432382434606552,"y":-0.20588652789592744,"z":0.009335126727819443,"w":-0.9775270223617554},"size":8.305932998657227,"orthographic":false}