{"cameraMode":{"drawMode":0,"name":"Shaded","section":"Shading Mode"},"sceneLighting":false,"audioPlay":false,"sceneViewState":{"showFog":true,"showMaterialUpdate":false,"showSkybox":false,"showFlares":true,"showImageEffects":true,"showParticleSystems":true},"in2DMode":false,"pivot":{"x":1.5275044441223145,"y":1.9750008583068848,"z":-0.0004901885986328125},"rotation":{"x":0.08120547235012055,"y":0.913747251033783,"z":-0.32715165615081789,"w":0.2268115133047104},"size":28.95177459716797,"orthographic":false}