{"cameraMode":{"drawMode":0,"name":"Shaded","section":"Shading Mode"},"sceneLighting":false,"audioPlay":false,"sceneViewState":{"showFog":true,"showMaterialUpdate":false,"showSkybox":false,"showFlares":true,"showImageEffects":true,"showParticleSystems":true},"in2DMode":false,"pivot":{"x":-13.288824081420899,"y":1.4418082237243653,"z":5.574484348297119},"rotation":{"x":0.01599024049937725,"y":0.930047869682312,"z":-0.3648196756839752,"w":0.040766239166259769},"size":74.24034118652344,"orthographic":false}