{"cameraMode":{"drawMode":0,"name":"Shaded","section":"Shading Mode"},"sceneLighting":true,"audioPlay":false,"sceneViewState":{"showFog":true,"showMaterialUpdate":false,"showSkybox":true,"showFlares":true,"showImageEffects":true,"showParticleSystems":true},"in2DMode":false,"pivot":{"x":-8.566545486450196,"y":-3.165480375289917,"z":-19.002216339111329},"rotation":{"x":-0.006713590119034052,"y":0.9817736744880676,"z":-0.18662545084953309,"w":-0.03530421853065491},"size":28.95177459716797,"orthographic":false}